,fase,accuracy,precision,recall,f1,roc_auc,f2
KNN - completo,baseline,0.752 ± 0.034,0.669 ± 0.071,0.599 ± 0.072,0.627 ± 0.047,0.813 ± 0.037,0.609 ± 0.060
KNN - completo,ajustado,0.769 ± 0.043,0.699 ± 0.091,0.617 ± 0.068,0.651 ± 0.054,0.830 ± 0.035,0.630 ± 0.058
KNN - sem_insulin_skin,baseline,0.754 ± 0.038,0.680 ± 0.086,0.580 ± 0.074,0.621 ± 0.054,0.801 ± 0.038,0.595 ± 0.063
KNN - sem_insulin_skin,ajustado,0.762 ± 0.022,0.696 ± 0.070,0.584 ± 0.051,0.631 ± 0.025,0.831 ± 0.026,0.602 ± 0.038
LogReg - completo,baseline,0.769 ± 0.015,0.649 ± 0.035,0.748 ± 0.057,0.692 ± 0.017,0.848 ± 0.020,0.724 ± 0.038
LogReg - completo,ajustado,0.775 ± 0.014,0.660 ± 0.037,0.748 ± 0.054,0.698 ± 0.010,0.845 ± 0.022,0.726 ± 0.033
LogReg - sem_insulin_skin,baseline,0.774 ± 0.022,0.659 ± 0.051,0.752 ± 0.061,0.698 ± 0.018,0.851 ± 0.018,0.729 ± 0.039
LogReg - sem_insulin_skin,ajustado,0.774 ± 0.019,0.656 ± 0.044,0.757 ± 0.052,0.700 ± 0.012,0.850 ± 0.019,0.732 ± 0.030
RandomForest - completo,baseline,0.772 ± 0.034,0.715 ± 0.076,0.584 ± 0.038,0.642 ± 0.047,0.822 ± 0.030,0.606 ± 0.039
RandomForest - completo,ajustado,0.777 ± 0.019,0.660 ± 0.035,0.748 ± 0.038,0.700 ± 0.024,0.838 ± 0.024,0.728 ± 0.029
RandomForest - sem_insulin_skin,baseline,0.767 ± 0.020,0.699 ± 0.046,0.589 ± 0.052,0.637 ± 0.035,0.822 ± 0.026,0.607 ± 0.045
RandomForest - sem_insulin_skin,ajustado,0.769 ± 0.031,0.644 ± 0.050,0.766 ± 0.017,0.699 ± 0.029,0.834 ± 0.028,0.737 ± 0.017
